Num_Acc,an,mois,jour,hrmn,lum,agg,int,atm,col,com,adr,gps,lat,long,dep
201200050611,12,4,2,1835,1,1,1,1.0,2,553,RN 104,,,,910
201200015503,12,5,11,1415,1,2,1,1.0,3,55,"34, BD LONGCHAMP",M,,,130
201200012409,12,2,20,945,1,1,1,1.0,7,121,,M,4810895.0,184884.0,280
201200060604,12,1,13,845,1,1,1,1.0,1,17,,A,0.0,0.0,971
201200047897,12,2,23,1805,5,2,2,1.0,5,18,AV JEAN JAURES,M,4894140.0,220980.0,950
201200023713,12,3,31,1529,1,2,3,1.0,3,189,JUSTICES VIEILLES (CHEMI,M,4385312.0,438604.0,300
201200044069,12,6,12,1230,1,2,2,2.0,3,7,AMBROISE CROIZAT (AVENUE,M,4893400.0,247116.0,930
201200041769,12,5,15,720,1,2,2,1.0,3,12,AV VICTOR HUGO,,,,920
201200004615,12,4,14,930,1,1,1,1.0,6,48,,M,0.0,0.0,690
201200027233,12,1,27,1650,1,2,3,1.0,6,261,CLOS SAINT LIBERT (RUE D,,,,370
201200000040,12,6,29,700,1,1,1,1.0,1,94,,M,5096461.0,223072.0,590
201200056470,12,4,29,105,5,2,5,2.0,3,113,QUAI D AUSTERLITZ,,,,750
201200008722,12,3,24,1945,3,2,1,1.0,6,189,CD.52 et CD.52E3,M,4328267.0,273926.0,340
201200028857,12,5,15,1910,1,2,1,1.0,3,109,"32, RUE DU FRESCHE BLANC",,,,440
201200030092,12,5,19,1845,1,2,2,3.0,3,602,R GAMBETTA/AV NORTHEIM,M,4964160.0,-158027.0,500
201200038556,12,4,28,2345,5,2,3,2.0,3,586,AV CONVENTION/LAMARTINE,M,4893342.0,216634.0,780
201200051484,12,3,15,1400,1,2,2,1.0,3,386,"0, AVENUE MARECHAL FOCH",,,,690
201200034285,12,12,11,1300,1,2,1,1.0,6,113,"1, CHAMBRETTES (RUE DES)",,,,630
201200055345,12,6,19,2005,1,2,1,1.0,6,110,"95, QUAI DE VALMY",,,,750
201200009562,12,3,22,1615,1,1,6,1.0,1,275,,M,0.0,0.0,910
201200045666,12,12,17,1330,1,2,1,1.0,6,66,DU BAILLY (RUE),M,4891494.0,235732.0,930
201200054439,12,6,21,1020,1,2,2,1.0,6,107,RUE DE LILLE,,,,750
201200032232,12,5,17,125,5,2,1,1.0,6,316,"843, SALENGRO ROGER RUE",,,,590
201200032879,12,10,20,1015,1,2,2,1.0,2,650,SEGHERS (RUE GEORGES),,,,590
201200053209,12,7,21,415,3,1,1,1.0,7,19,A51-SENS MARSEILLE VERS,M,,,130
201200010640,12,5,23,1230,1,2,1,1.0,7,29,REPUBLIQUE (BOULEVARD DE,,,,60
201200030668,12,5,27,10,5,2,1,1.0,2,395,CONCORDE (PONT DE LA),,,,540
201200017658,12,5,29,2045,1,1,1,7.0,6,444,,M,4567700.0,-64200.0,170
201200009058,12,7,16,1345,1,1,1,1.0,6,41,,M,4396796.0,438864.0,300
201200036826,12,9,27,1810,1,2,1,1.0,3,486,1RUE DE RYBNIK,,,,710
201200000278,12,2,17,1615,1,2,1,1.0,1,14,Bd de la Manutention,M,0.0,0.0,620
201200028167,12,1,22,400,5,2,6,1.0,6,194,ETANG BARBIN (RUE DE L'),M,4734230.0,174904.0,410
201200015876,12,8,27,1630,1,2,1,1.0,2,55,"150, AVE DU PRADO",,,,130
201200044806,12,3,1,1318,1,2,1,1.0,3,46,"32, ROBERT SCHUMANN BOUL",M,4892790.0,254887.0,930
201200008258,12,1,25,1600,1,1,1,1.0,1,38,,M,0.0,0.0,830
201200026414,12,12,22,540,5,2,1,8.0,6,172,"259, DOMITIENNE (VOIE)",M,4362282.0,386042.0,340
201200000262,12,2,16,1700,1,2,1,1.0,1,318,boulevard lefebvre,M,0.0,0.0,620
201200011190,12,2,24,820,1,2,1,1.0,6,88,"0, GINESTIERE (CH. DE LA",,,,60
201200057612,12,6,23,1430,1,2,2,1.0,6,116,"25, BOULEVARD MURAT",,,,750
201200043932,12,9,25,1620,1,2,6,1.0,3,71,", SALVADOR ALLENDE (AVEN",,,,930
201200029350,12,11,30,1735,4,2,1,1.0,3,286,GALLOUX (AVENUE GASTON),,,,450
201200033157,12,4,6,1640,1,2,1,1.0,1,606,"00, ROUBAIX (RUE DE)",,,,590
201200027643,12,9,3,900,1,2,2,1.0,6,261,SALENGRO (RUE ROGER),,,,370
201200057288,12,10,3,2030,5,2,5,2.0,2,115,"57, BOULEVARD LEFEBVRE",,,,750
201200031864,12,7,28,1800,1,2,1,1.0,7,574,Ru  Jean Batiste  Fievet,M,5038124.0,327079.0,590
201200039300,12,6,22,120,5,2,1,1.0,7,69,"15, GAMBETTA (AVENUE)",,,,830
201200002778,12,2,17,2030,3,1,1,1.0,5,406,,M,0.0,0.0,330
201200026844,12,9,24,1730,1,2,3,3.0,6,238,C.TILLON/W.CHURCHILL,M,4812450.0,-170926.0,350
201200040964,12,4,18,1610,1,2,6,1.0,6,223,RD 191,,,,910
201200024415,12,10,4,2140,5,2,1,2.0,3,555,"999, RTE D AGDE",,,,310
201200046719,12,2,3,1810,2,2,3,1.0,3,76,DESMOULINS / PINEL,M,4879670.0,234574.0,940
201200048219,12,4,8,830,1,2,1,1.0,6,252,R GENERAL LECLERC,M,4898680.0,221770.0,950
201200012623,12,9,27,1645,1,1,1,1.0,4,483,,M,0.0,0.0,640
201200011941,12,12,31,951,1,2,2,1.0,3,88,"0, CARNOT (BD)",,,,60
201200022168,12,5,19,1705,1,2,1,2.0,6,56,"SANS, EPITAPHE CHEMIN DE",M,4725440.0,598748.0,250
201200008021,12,8,8,730,1,1,1,1.0,7,24,,M,,,130
201200045739,12,9,17,1550,1,2,1,1.0,6,70,"117, MICHELET(AV):N?1AU",,,,930
201200004246,12,1,13,230,3,1,1,9.0,6,176,,M,0.0,0.0,460
201200035537,12,5,14,830,1,2,3,1.0,2,218,"0, SEBASTIEN BRANT (RUE)",,,,670
201200039469,12,3,24,1445,1,2,1,1.0,6,144,GRAND VAR (PARKING),M,4314063.0,601393.0,830
201200033129,12,1,1,315,3,1,1,1.0,1,447,RD 935 N,,,,590
201200021847,12,6,13,1805,1,2,1,1.0,6,50,7 RUE DE LA FERRONNERIE,M,4845315.0,-204513.0,220
201200056212,12,9,7,835,1,2,1,1.0,3,112,"316, RUE DE CHARENTON",,,,750
201200014301,12,12,10,1400,1,2,1,1.0,2,55,PIERRE CHEVALIER (RUE),,,,130
201200037308,12,10,22,1940,5,2,2,1.0,3,351,"27, R DE SEINE MARITIME",M,4950687.0,17367.0,760
201200007417,12,7,6,1730,1,1,1,1.0,1,410,,M,4671000.0,504200.0,710
201200025220,12,6,29,1406,1,2,3,1.0,6,63,CRS VICTOR HUGO,,,,330
201200023893,12,11,10,352,5,2,1,2.0,6,189,"163, SAUVE (ROUTE)",M,4383917.0,432234.0,300
201200039316,12,2,17,1645,1,2,6,1.0,6,123,BUGE (CHEMIN DE LA) N I,,,,830
201200021026,12,6,14,2220,5,2,1,1.0,6,415,"1, BLANLOEIL RUE",,,,170
201200000370,12,5,1,1900,1,1,1,1.0,1,132,,M,0.0,0.0,800
201200053437,12,10,18,1705,1,1,1,1.0,2,5,A50-SENS MARSEILLE*VERS,M,,,130
201200000849,12,11,13,730,2,1,1,2.0,5,5,,M,0.0,0.0,270
201200046048,12,7,2,1720,1,2,3,1.0,3,71,BOISSY (R DE),,,,940
201200008194,12,8,5,900,1,1,1,1.0,6,108,,M,0.0,0.0,60
201200010902,12,9,26,1625,1,2,1,2.0,1,69,"43, ROURE DE LA GACHE (C",,,,60
201200022084,12,9,13,830,1,1,1,9.0,3,437,route de la FERRIERE,,,,240
201200049965,12,2,4,1230,1,1,1,1.0,6,206,A13,,,,780
201200020350,12,5,11,815,1,2,1,1.0,3,600,RUE DE SEINE,M,0.0,0.0,910
201200014382,12,12,4,1600,1,2,1,2.0,3,55,"6, BD CAUNE",M,4333870.0,539310.0,130
201200006294,12,6,10,1515,1,1,1,1.0,6,513,,M,4847220.0,612456.0,540
201200048195,12,10,18,814,2,2,1,2.0,4,252,BD DU  BEL-AIR,M,4898490.0,223970.0,950
201200020970,12,10,9,820,1,2,1,1.0,4,306,EXPRESS (VOIE),,,,170
201200002580,12,10,31,1715,2,1,1,1.0,3,422,,M,4481900.0,-70900.0,330
201200019905,12,9,8,930,1,1,1,1.0,2,148,,M,0.0,0.0,800
201200057694,12,8,17,2330,5,2,7,1.0,7,116,AVENUE DES NATIONS UNIES,,,,750
201200036986,12,10,5,2030,5,1,1,1.0,3,118,"484, ROUTE DE REIGNIER",,,,740
201200055785,12,9,13,1415,1,2,7,1.0,2,111,", PLACE DE LA NATION",,,,750
201200059059,12,3,28,1220,1,2,1,1.0,3,120,"124 Ter, RUE DE BAGNOLET",,,,750
201200059245,12,9,22,250,5,2,1,1.0,6,120,"27, RUE DES BALKANS",,,,750
201200028474,12,5,8,212,5,2,1,9.0,7,223,"IGNORE, RD 3",M,4543772.0,435994.0,420
201200046874,12,12,19,720,5,2,1,1.0,7,43,"125, FONTAINEBLEAU (AV D",,,,940
201200035829,12,12,13,1850,5,2,1,2.0,6,482,"40, BAN DE LA ROCHE (RUE",,,,670
201200051382,12,7,25,1000,1,1,1,7.0,2,196,AUTOROUTE A25,,,,590
201200021822,12,11,10,59,5,2,1,2.0,6,231,GEORGES POMPIDOU (VOIE),,,,210
201200018188,12,5,20,1030,1,1,1,2.0,7,436,,M,0.0,0.0,640
201200025681,12,12,7,815,1,2,1,1.0,3,63,AVE DU MAL DE LATTRE DE,,,,330
201200010884,12,8,27,930,1,2,1,1.0,3,69,"50, PAOUTE (ROUTE ET TRA",,,,60
201200034908,12,6,19,1810,1,2,1,1.0,1,260,27 RUE D' AIZPURDI,,,,640
201200011142,12,2,2,305,5,2,1,1.0,2,88,"0, POMPIDOU (BD GEORGES)",,,,60
201200032758,12,5,24,910,1,2,3,1.0,1,646,"11BIS, ROUBAIX (RUE DE)",,,,590
201200022139,12,2,20,1215,1,2,2,1.0,3,56,"SANS, GRAY ROUTE DE",,,,250
201200028217,12,5,19,1620,1,2,1,1.0,6,316,"26, ROUSSEAU (RUE JEAN-J",M,4559780.0,428236.0,420
201200011913,12,12,18,1344,1,2,1,1.0,6,88,"4, FALICON (BD COMTE DE)",,,,60
201200030444,12,4,29,905,1,2,1,2.0,6,121,"3, 21EME RIC (RUE DU)",M,4811068.0,513572.0,520
201200055165,12,9,29,1610,1,2,2,1.0,3,109,"01, BOULEVARD HAUSSMANN",,,,750
201200036412,12,10,19,1630,1,2,1,1.0,3,259,"108, AVENUE VIVIANI",,,,690
201200036194,12,5,25,745,1,2,1,1.0,3,149,"17, FRANCISQUE JOMARD",,,,690
201200060721,12,11,9,600,2,1,1,1.0,1,11,,G,0.0,0.0,973
201200040291,12,4,9,1235,1,2,2,2.0,3,209,"0, LECLERC ( RUE GENERAL",M,4814776.0,645519.0,880
201200014447,12,1,11,1000,1,2,1,7.0,3,55,"23, RUE CALLELONGUE",M,,,130
201200008064,12,5,28,1300,1,1,1,1.0,1,39,,M,4384000.0,649300.0,40
201200043854,12,1,25,900,1,2,1,2.0,1,5,BD KENNEDY,,,,930
201200047511,12,12,5,1725,4,2,1,2.0,6,68,BONNEUIL (AV DE),,,,940
201200010308,12,6,26,1040,1,2,1,1.0,3,4,RD6007,,,,60
201200041512,12,2,14,900,1,2,1,1.0,2,4,"106, AV DES GRESILLONS",,,,920
201200048504,12,2,16,1745,1,2,1,1.0,6,4,"SANS, ROSSINI PASCAL BD",,,,201
201200053763,12,4,19,2310,5,2,1,1.0,6,103,"8, RUE DE BEAUCE",,,,750
201200054496,12,10,6,2040,5,2,1,2.0,7,107,"13, BOULEVARD RASPAIL",,,,750
201200058816,12,6,26,825,1,2,5,2.0,2,119,"184, RUE DE CRIMEE",,,,750
201200031799,12,1,7,1420,1,2,1,1.0,6,504,"45, LAMENDIN (R. ARTHUR)",,,,590
201200014014,12,5,14,1130,1,1,1,1.0,1,5,"261, ROYANTE (CHEMIN DE",,,,130
201200028099,12,11,21,824,1,1,1,2.0,7,18,RD 952,,,,410
201200025748,12,12,20,820,1,2,6,3.0,6,318,AVE ROBERT CLAVE,,,,330
201200025800,12,1,29,1905,5,2,2,1.0,3,32,"NR, SARCEY FRANCISQUE (B",M,4334763.0,323277.0,340
201200006176,12,6,10,1730,1,1,1,1.0,1,493,"gn 48.8,6.67",M,4879629.0,666966.0,570
201200044586,12,2,1,1655,1,2,1,1.0,6,79,99 AV JEAN BAPTISTE CLEM,M,4895363.0,233810.0,930
201200019383,12,2,23,1100,1,2,1,2.0,6,232,RUE DU GUE,,,,410
201200036939,12,9,14,735,1,2,4,1.0,3,65,Avenue de la Reveriaz,M,4557419.0,590605.0,730
201200013132,12,2,1,730,2,1,1,1.0,1,446,,M,4820356.0,579721.0,880
201200036132,12,6,16,1640,1,2,1,1.0,4,91,"17, MALGONTIER (Q)",,,,690
201200044128,12,4,28,630,2,2,1,2.0,1,8,"2/24, BARBUSSE (AVENUE H",,,,930
201200032303,12,6,27,1805,1,2,1,1.0,6,378,"27, FOCH AVENUE N?1-137",,,,590
201200061667,12,10,26,1701,1,2,1,1.0,3,2,"2788, MADELEINE (ROUTE D",,,,973
201200037499,12,6,21,840,1,1,6,1.0,3,108,RD 1043,M,4948164.0,110910.0,760
201200059120,12,5,31,1020,1,2,3,1.0,3,120,"212, RUE DE BELLEVILLE",,,,750
201200010609,12,3,26,2330,5,2,1,1.0,7,29,"22, VIDAL (RUE DU COMMAN",,,,60
201200012614,12,6,27,745,1,1,1,1.0,2,126,,M,0.0,0.0,630
201200022518,12,4,5,855,1,2,6,1.0,5,362,"sans n, HUGO AVENUE VICT",,,,260
201200039233,12,9,11,2205,3,1,1,1.0,6,61,"0, RUE DES COMBATTANTS D",,,,830
201200049455,12,6,25,2000,2,1,1,1.0,7,5,AUTOROUTE A3,,,,930
201200051539,12,6,2,1030,1,2,1,1.0,6,386,"12, BOULEVARD JULES FAVR",,,,690
201200061099,12,3,19,715,1,2,1,1.0,3,7,DUMANOIR ( ALLEE ),,,,971
201200058156,12,7,7,100,5,2,1,1.0,6,117,"117, RUE DE ROME",,,,750
201200039153,12,11,21,1520,1,2,1,1.0,6,121,CAMP D'AVIATION (CHEMIN,,,,820
201200004991,12,1,16,1930,3,2,1,1.0,6,114,Routes des plattes,M,4452710.0,504480.0,260
201200032110,12,2,25,420,5,2,1,1.0,6,368,SALENGRO ROGER RUE,,,,590
201200026644,12,4,23,1000,1,2,1,2.0,7,278,PORTE DE ST MALO-B8,M,4813997.0,-169518.0,350
201200017568,12,12,6,430,3,1,1,9.0,6,366,D.613 ( LISIEUX),,,,140
201200001220,12,3,23,1615,1,1,1,7.0,2,178,,M,4852510.0,-466276.0,290
201200016656,12,12,5,1110,1,2,1,1.0,6,55,"125, BD DE SAINT MARCEL",M,4328820.0,546317.0,130
201200002528,12,3,22,915,1,1,1,1.0,1,288,LA NICOLIERE,M,0.0,0.0,850
201200022640,12,5,9,1220,1,2,1,1.0,3,229,"7, RUE JEAN MOULIN",M,4901520.0,115257.0,270
201200032072,12,1,26,1335,1,2,3,2.0,3,328,LILLE RUE DE,,,,590
201200019475,12,6,28,230,3,2,1,1.0,6,35,rue chevriere,M,4742470.0,-60942.0,490
201200004188,12,10,25,2000,3,1,1,2.0,7,208,,M,4394290.0,65790.0,320
201200050031,12,3,16,845,1,1,1,1.0,3,51,N13,,,,920
201200046784,12,6,25,1500,1,1,1,1.0,3,76,"46, LOUIS ARAGON (AV)",,,,940
201200045330,12,1,24,2010,5,2,2,2.0,3,77,BERGERS / NOISY,,,,930
201200029366,12,3,15,1800,1,2,1,1.0,6,42,"570, F.T.P. ET DU 8E R.I",M,4446050.0,145497.0,460
201200040526,12,9,28,1735,1,2,1,1.0,7,8,URCEREY (RUE D'),,,,900
201200032988,12,2,20,855,1,2,1,1.0,2,599,SASSELANGE (RUE EDOUARD),,,,590
201200014809,12,3,6,830,1,2,2,1.0,6,55,"121, RUE FERRARI",,,,130
201200023264,12,9,3,2220,5,2,1,1.0,7,39,"24, SAINT JACQUES ( RUE)",M,4787801.0,-391461.0,290
201200061801,12,2,29,810,1,2,1,1.0,6,9,RN2 SENS ST BENOIT,,,,974
201200061524,12,2,2,1044,1,1,1,1.0,3,2,"5181, BADUEL (ROUTE DE)",,,,973
201200021212,12,3,8,1000,1,2,2,1.0,3,33,JURANVILLE (PLACE DE),M,4708270.0,238914.0,180
201200048852,12,7,23,30,3,1,1,1.0,3,18,A4,M,4881770.0,241524.0,940
201200035684,12,8,31,1400,1,2,1,2.0,2,482,"85, POLYGONE (ROUTE DU)",,,,670
201200057882,12,12,13,1350,1,2,1,1.0,4,116,"50, AVENUE D IENA",,,,750
201200060188,12,8,31,47,5,2,1,1.0,2,113,BOULEVARD PERIPHERIQUE I,,,,750
201200041302,12,8,29,900,1,2,1,1.0,1,692,MORVAN (RUE DU),,,,910
201200019683,12,12,7,1530,1,1,1,3.0,5,388,,M,0.0,0.0,890
201200028163,12,11,8,1450,1,2,1,1.0,4,18,AUGE (BOULEVARD MARC ET,,,,410
201200008902,12,3,14,1745,1,1,1,1.0,2,360,,M,4326900.0,290100.0,110
201200015542,12,6,13,945,1,2,1,9.0,2,55,"101, BD DE PONT DE VIVAU",M,,,130
201200052930,12,10,29,843,1,2,1,1.0,3,81,"13, AVENUE DE VERDUN",,,,690
201200025063,12,5,10,750,1,2,1,1.0,3,281,"20, AVE DE L'EUROPE",,,,330
201200057034,12,12,30,2013,5,2,1,1.0,7,114,"33, AVENUE REILLE",,,,750
201200013264,12,9,24,1340,1,2,1,1.0,6,387,CARNOT (RUE),M,4829619.0,406686.0,100
201200025230,12,6,26,2245,5,2,3,1.0,1,318,AVE DE BRETAGNE,,,,330
201200055479,12,11,5,1810,5,2,2,2.0,3,110,"151, BOULEVARD DE LA VIL",,,,750
201200034042,12,6,16,715,1,2,2,1.0,3,113,ITALIE (AVENUE DE L'),M,4577919.0,309591.0,630
201200041337,12,11,13,1755,5,2,1,8.0,2,692,ALSACE (AVENUE D'),,,,910
201200022975,12,5,23,1045,1,1,1,1.0,2,152,,M,4823287.0,-148391.0,350
201200047652,12,11,5,1450,1,2,3,1.0,2,78,PARIS/ORME SAINTE-MARIE,M,4873900.0,244684.0,940
201200058765,12,4,23,1105,1,2,2,3.0,5,119,"47, RUE DES BOIS",,,,750
201200036336,12,4,5,1550,1,2,2,1.0,3,259,BOULEVARD AMBROISE CROIZ,,,,690
201200057433,12,2,15,920,1,2,7,8.0,4,116,PLACE DE LA PORTE MAILLO,,,,750
201200060495,12,6,2,1745,1,2,1,1.0,5,4,"RN2, BAILLIF",A,0.0,0.0,971
201200058455,12,5,16,2125,5,2,1,1.0,1,118,"58, RUE ORDENER",,,,750
201200003051,12,7,8,745,1,1,1,1.0,6,4,,M,4431900.0,37300.0,470
201200034492,12,12,27,1835,5,2,6,1.0,7,102,BD DU BAB,,,,640
201200012185,12,5,28,1530,1,1,1,1.0,5,270,,M,0.0,0.0,710
201200041729,12,2,15,830,1,2,1,2.0,6,12,BD JEAN JAURES,,,,920
201200045917,12,7,11,2015,1,2,1,1.0,7,2,"18, UNION (R DE L)",,,,940
201200007823,12,4,30,1815,1,1,1,3.0,5,19,,M,4540830.0,482072.0,380
201200037128,12,11,9,2045,5,2,2,1.0,3,259,R FRANCOIS MEZAIZE,M,4974923.0,36989.0,760
201200047937,12,5,15,1955,1,2,1,1.0,7,582,R DU GRAND PRIEUR,M,4896770.0,223250.0,950
201200018624,12,9,9,1230,1,1,3,1.0,3,357,,M,4430200.0,494400.0,260
201200033962,12,4,6,1650,1,2,2,2.0,3,113,"., DEPAILLER (RUE PATRIC",,,,630
201200012640,12,6,5,630,2,2,1,7.0,1,485,avenue du Vercors,M,0.0,0.0,380
201200048668,12,2,19,1530,1,1,1,1.0,7,59,A104,,,,770
201200013040,12,6,11,1845,1,1,1,1.0,1,152,,M,0.0,0.0,60
201200035570,12,6,1,2345,5,2,1,1.0,6,482,"0, HERRENSCHMIDT (AVENUE",,,,670
201200055246,12,2,12,30,5,2,2,1.0,3,110,AVENUE PARMENTIER,,,,750
201200005074,12,11,18,1130,3,1,1,1.0,7,9,,M,0.0,0.0,260
201200032184,12,4,12,1135,1,2,1,1.0,6,286,"22, LECLERCQ RUE DU GENE",,,,590
201200008655,12,10,8,2015,3,1,3,1.0,3,58,,M,0.0,0.0,340
201200021346,12,11,17,1715,1,2,1,1.0,3,213,,M,4710410.0,245421.0,180
201200041824,12,9,10,1507,1,2,1,1.0,6,12,HOPITAL AMBROISE PARE,,,,920
201200005059,12,4,28,1200,1,1,1,1.0,1,162,,M,4529200.0,504400.0,260
201200000281,12,7,31,2000,1,1,1,1.0,7,543,,M,0.0,0.0,620
201200020419,12,7,30,1800,1,2,1,1.0,3,43,RUE DU STAND,M,4626200.0,634300.0,740
201200051993,12,11,19,1420,1,2,2,1.0,3,385,"93, RUE JOLIOT CURIE",,,,690
201200048800,12,6,12,1200,1,1,1,2.0,5,18,A4,M,4882280.0,239595.0,940
201200033421,12,11,25,1735,5,2,1,1.0,6,41,"25, DEPOT  (RUE)",M,5028182.0,277532.0,620
201200017123,12,9,26,1430,1,2,2,1.0,7,117,ROUCAS ( CORNICHE DU ),M,,,130
201200046364,12,10,3,2228,5,2,6,2.0,1,19,L'HIPPODROME (AV DE),,,,940
201200003336,12,11,22,1300,1,1,1,1.0,7,101,La Combe des Geais,M,4553746.0,4466.0,160
201200054284,12,9,15,1525,1,2,7,1.0,2,106,"88, BOULEVARD SAINT MICH",,,,750
201200058679,12,12,29,2150,5,2,5,2.0,2,118,"80, RUE ORDENER",,,,750
201200027986,12,10,2,850,1,2,8,1.0,6,88,PEYROUTON (RUE DE),M,4369914.0,-105429.0,400
201200059105,12,5,17,1105,1,2,2,1.0,3,120,"0, RUE DES PYRENEES",,,,750
201200061636,12,8,21,1200,1,2,1,1.0,3,2,MADELEINE (ROUTE DE LA),,,,973
201200022778,12,6,11,1750,1,2,1,1.0,6,220,"SANS, DE GAULLE (RUE GEN",M,4842328.0,146064.0,280
201200014580,12,1,19,1640,1,2,1,1.0,6,55,"44, BD DE LA BLANCARDE",M,,,130
201200003057,12,6,19,1530,1,1,1,1.0,6,53,LIEU-DIT GUIROT HAUT,M,4432780.0,70772.0,470
201200047404,12,3,15,1525,1,2,5,1.0,3,68,RADIGUET / THIERS,M,4880310.0,251918.0,940
201200013364,12,3,19,1218,1,2,3,1.0,3,69,DUPLEIX JOSEPH FRANCOIS,,,,110
201200015275,12,4,29,1350,1,2,4,1.0,3,55,RUE DU CAMAS,,,,130
201200019598,12,1,14,930,1,1,1,1.0,1,148,,M,0.0,0.0,630
201200007129,12,7,1,1630,1,1,1,1.0,7,40,,M,4782454.0,506696.0,520
201200017836,12,9,30,1545,1,1,1,1.0,1,392,,M,0.0,0.0,240
201200045931,12,11,6,1150,1,2,3,1.0,3,2,VILLENEUVE ST GEORGES (C,,,,940
201200014884,12,1,24,1920,2,2,9,1.0,3,55,"121, CHE DE SAINTE MARTH",M,,,130
201200026626,12,4,10,1410,1,2,2,1.0,3,238,TROIS CROIX/GROS MALHON,M,4812790.0,-168341.0,350
201200032861,12,10,1,1900,1,2,2,2.0,1,299,GUESDE (RUE JULES),,,,590
201200031258,12,12,19,1318,1,2,2,3.0,1,121,"0, CHAZELLES ( COURS LOU",M,4775275.0,-336176.0,560
201200019994,12,10,19,1130,1,1,1,5.0,2,29,,M,4268400.0,939900.0,202
201200026794,12,8,21,1520,1,2,2,1.0,6,238,NANTES/ALBERT 1ER,M,4809030.0,-169276.0,350
201200016905,12,9,21,1730,1,2,1,1.0,3,103,"310, ALLEE  DE SZENTENDR",,,,130
201200031430,12,2,7,1125,1,2,1,7.0,3,480,"00, CANAL (RUE DU )",M,4910397.0,614596.0,570
201200048296,12,3,20,1735,1,2,1,1.0,6,277,PL DU HUIT MAI 45,M,4898710.0,244780.0,950
201200017572,12,12,29,1430,1,2,1,1.0,3,366,Parking LECLERC,,,,140
201200012523,12,1,6,1230,1,1,1,1.0,6,65,CHEMIN DE TERRE,,,,130
201200031202,12,10,11,1714,1,1,6,1.0,3,162,"0, KERSCOUET",M,4770986.0,-343866.0,560
201200006876,12,7,23,1800,1,1,1,1.0,6,31,,M,4770346.0,717351.0,680
201200006683,12,9,18,2345,3,1,1,8.0,1,393,,M,4869200.0,760700.0,670
201200044450,12,7,20,2040,1,2,1,1.0,6,13,LECLERC (AVENU DE LA DIV,,,,930
201200037916,12,12,13,1830,5,2,1,2.0,5,445,MOULIN (AVENUE JEAN),M,4859565.0,258344.0,770