Num_Acc,an,mois,jour,hrmn,lum,agg,int,atm,col,com,adr,gps,lat,long,dep
201200013034,12,3,6,815,1,1,3,1.0,3,152,,M,0.0,0.0,60
201200014402,12,1,23,1430,1,2,1,1.0,6,55,AVE D' AIR BEL,M,,,130
201200014110,12,1,24,1800,2,1,1,1.0,6,28,SEVERIERS (CHEMIN DES),,,,130
201200009912,12,2,19,1530,1,2,1,1.0,4,227,Route de Paris,M,0.0,0.0,280
201200001609,12,11,5,1615,1,1,3,1.0,2,257,,M,0.0,0.0,500
201200000690,12,3,12,1645,1,1,1,1.0,2,753,,M,4934916.0,116383.0,760
201200053882,12,4,10,1530,1,2,2,2.0,6,104,"15, RUE VIEILLE DU TEMPL",,,,750
201200030757,12,8,19,1440,1,2,5,1.0,3,547,EUROPE (BOULEVARD DE L'),M,4866260.0,617279.0,540
201200010207,12,10,19,1530,1,2,1,1.0,6,159,PONT DU BEUVRON,M,4761530.0,171593.0,410
201200026817,12,9,5,1645,1,2,1,1.0,6,238,PK C.C LECLERC CLEUNAY,M,4810410.0,-171454.0,350
201200021277,12,7,22,640,1,2,3,1.0,6,33,99 MALLET (RUE LOUIS),M,4708130.0,237323.0,180
201200009761,12,3,27,1600,1,1,1,1.0,3,142,Rte DE DONNERY,M,4792218.0,211811.0,450
201200054040,12,4,11,30,5,2,3,1.0,3,105,"51, BOULEVARD SAINT MICH",,,,750
201200037332,12,11,24,2310,5,2,2,1.0,3,351,"25, R DUME D APLEMONT",M,4949756.0,12656.0,760
201200043634,12,4,29,2100,5,2,2,1.0,6,78,"0, GALLIENI (BD) (1 A 79",,,,920
201200001166,12,12,30,730,3,1,1,1.0,6,167,,M,4796987.0,-424930.0,290
201200008526,12,12,22,1515,1,1,1,1.0,6,92,,M,0.0,0.0,840
201200042100,12,3,23,1640,1,2,2,1.0,3,24,"49, GENERAL LECLERC (BD",,,,920
201200026960,12,12,7,1815,3,2,5,1.0,3,238,PORTE DE BR?QUIGNY,M,4808060.0,-169513.0,350
201200035267,12,8,10,2050,1,2,1,1.0,1,136,ABBOUT EDMOND,M,4270591.0,289114.0,660
201200010821,12,5,7,840,1,2,1,1.0,3,69,"X, CAVALERIE (CHEMIN ET",,,,60
201200028026,12,4,3,1430,1,2,2,1.0,3,18,WILSON (AVENUE DU PRESID,M,4758400.0,133906.0,410
201200003223,12,7,26,1745,1,1,1,1.0,3,484,,M,0.0,0.0,640
201200000774,12,12,6,745,2,1,2,9.0,1,529,,M,4972915.0,57239.0,760
201200012595,12,7,21,545,3,1,1,1.0,7,205,,M,0.0,0.0,330
201200043577,12,5,16,915,1,2,1,1.0,6,46,"140, PIERRE BROSSOLETTE",,,,920
201200059995,12,5,9,910,1,2,1,2.0,4,112,PORTE DE VINCENNES,,,,750
201200056586,12,8,23,535,2,2,4,1.0,6,113,RUE NATIONALE,,,,750
201200018474,12,3,13,1500,1,1,1,1.0,3,331,,M,4810700.0,57900.0,720
201200048312,12,9,9,1850,1,2,1,1.0,6,277,AV FRANCOIS MITTERAND,M,4898550.0,243020.0,950
201200055660,12,5,3,1734,1,2,2,1.0,3,111,"17, AVENUE PHILIPPE AUGU",,,,750
201200041623,12,11,27,1830,2,2,2,2.0,3,4,"NS, ARGENTEUIL N? 176 A",,,,920
201200004673,12,7,10,930,1,1,1,1.0,3,246,,M,0.0,0.0,690
201200054429,12,6,4,1615,1,2,5,8.0,3,107,"42, RUE DU BAC",,,,750
201200056083,12,5,24,900,1,2,2,1.0,6,112,RUE DE PICPUS,,,,750
201200031230,12,11,13,1925,5,2,1,1.0,7,121,"., RN 465 (DESSERTE PORT",M,4774265.0,-338396.0,560
201200006743,12,8,3,2315,3,2,6,1.0,6,9,D 468,M,4811770.0,753560.0,680
201200032059,12,1,20,1900,3,2,1,2.0,6,410,"5, LECLERC BOULEVARD DU",,,,590
201200010269,12,1,2,1820,5,2,1,1.0,5,155,"7, POSTE AV.DE LA",,,,60
201200006434,12,1,24,845,1,1,1,1.0,1,234,,M,4899200.0,571600.0,550
201200001585,12,12,21,1030,1,2,2,1.0,6,565,"40 grande rue, RD 973",M,0.0,0.0,500
201200034110,12,8,14,1736,1,2,1,1.0,6,14,ROUSSILLON (AVENUE DU),,,,630
201200054742,12,6,24,2200,5,2,7,1.0,7,108,"19, PLACE DE LA MADELEIN",,,,750
201200048765,12,5,24,1015,1,1,1,1.0,2,51,A4,M,4883486.0,257793.0,930
201200049619,12,9,21,700,2,1,1,1.0,5,66,AUTOROUTE A1,,,,930
201200040848,12,3,1,840,2,2,1,5.0,2,201,HENRI BARBUSSE(BOULEVARD,,,,910
201200021610,12,3,20,1810,1,2,6,1.0,2,31,MENDES FRANCE (AVENUE PI,M,4514340.0,147066.0,190
201200040783,12,6,5,1500,1,2,1,1.0,6,174,"23, FONTAINEBLEAU (BD)",,,,910
201200020985,12,6,2,900,1,1,1,1.0,6,130,,M,4906280.0,46722.0,270
201200037042,12,9,8,1100,1,1,1,1.0,5,576,D6015,M,4955837.0,46502.0,760
201200036750,12,6,1,2015,1,2,1,1.0,1,76,4 rue pierre VAUX,,,,710
201200014732,12,3,27,1110,1,2,1,1.0,2,55,"399, BD MICHELET",,,,130
201200011766,12,10,19,2045,5,2,1,1.0,6,88,"33, RAIMBALDI (BD)",,,,60
201200061602,12,6,6,1720,1,1,6,1.0,3,2,"2788, MADELEINE (ROUTE D",,,,973
201200058794,12,6,2,1150,1,2,2,1.0,6,119,"38, AVENUE SECRETAN",,,,750
201200006686,12,3,6,1500,1,1,1,1.0,3,519,,M,4868400.0,781400.0,670
201200032519,12,10,21,400,4,2,2,2.0,6,350,"107, SOLFERINO RUE N?2 -",,,,590
201200032330,12,7,16,1640,1,2,3,1.0,6,560,BOUVRY ROGER RUE,,,,590
201200054333,12,12,14,1745,5,2,3,2.0,6,106,"133, RUE DE SEVRES",,,,750
201200050723,12,6,23,1621,1,1,1,1.0,3,136,AUTOROUTE A126,,,,910
201200036529,12,7,19,1930,1,2,1,1.0,3,266,"42, RUE ANTOINE PRIMAT",,,,690
201200037692,12,3,9,1905,3,1,1,1.0,7,70,D 934,,,,770
201200046575,12,7,30,115,3,2,1,1.0,1,28,"NC, HALPERN.(AVENUE BERN",,,,940
201200005778,12,11,25,1200,1,1,1,1.0,7,258,,M,0.0,0.0,630
201200020778,12,9,3,1946,2,2,2,1.0,3,300,"2, COLIGNY   AVENUE",,,,170
201200033080,12,9,30,1535,1,2,3,1.0,3,152,"217, WERWICQ (RUE DE)",,,,590
201200014529,12,2,9,2215,5,2,1,1.0,6,55,"08, PCE CASTELLANE",M,,,130
201200021914,12,2,13,1640,1,2,6,1.0,6,278,Bd SEVIGNE,M,4851243.0,-275535.0,220
201200057415,12,1,30,1230,1,2,1,1.0,6,116,"190, AVENUE DE VERSAILLE",,,,750
201200041415,12,2,16,1630,1,2,1,1.0,6,432,"02, DE GAULLE  (AVENUE C",,,,910
201200016124,12,9,13,1630,1,2,1,1.0,3,55,BD PIERRE DRAMARD,,,,130
201200046722,12,2,13,930,1,2,1,1.0,1,3,"03, AV PAUL DOUMER",M,4880620.0,233762.0,940
201200047990,12,9,18,900,1,2,2,1.0,3,18,AV DU MARAIS,M,4893240.0,223360.0,950
201200003594,12,4,9,1600,1,1,1,1.0,1,49,BREUIL-CHAUSSEE,M,0.0,0.0,790
201200007271,12,8,31,1830,1,1,1,1.0,1,87,,M,4678300.0,347500.0,580
201200036420,12,11,11,2320,5,2,3,1.0,6,259,ALLEE DES SAVOIES,,,,690
201200048901,12,9,11,1755,1,1,1,2.0,6,44,RN406.W,M,4875880.0,247012.0,940
201200003708,12,11,5,1600,1,1,1,2.0,1,97,CHABANIER,M,4529260.0,204678.0,190
201200013702,12,12,21,2045,3,1,1,8.0,2,223,,M,0.0,0.0,850
201200002593,12,9,9,1245,1,2,1,1.0,3,449,,M,0.0,0.0,330
201200053441,12,10,26,1450,1,1,1,3.0,2,71,A7-SENS LYON VERS MARSE*,M,,,130
201200046802,12,8,6,1720,1,2,1,1.0,6,76,"67, STALINGRAD (AV DE)",,,,940
201200040025,12,4,12,1653,1,1,1,1.0,4,85,AUTOROUTE A20,M,,,870
201200027114,12,6,28,1600,1,2,3,1.0,3,44,RUE CURIE/BD BRYAS,M,4681030.0,170511.0,360
201200055159,12,9,23,1625,1,2,5,1.0,6,102,"53, BOULEVARD DES CAPUCI",,,,750
201200048414,12,10,6,2255,5,2,4,3.0,6,585,BD MICHEL MONTAIGNE,M,4897220.0,238360.0,950
201200040760,12,12,15,1825,5,2,1,2.0,6,174,"67, PAPETERIE(RUE)",,,,910
201200060643,12,3,18,1215,1,1,1,1.0,2,28,,A,0.0,0.0,971
201200049544,12,8,17,1010,1,1,1,1.0,7,27,AUTOROUTE A86,M,4892780.0,241019.0,930
201200022049,12,11,30,1000,1,2,6,1.0,3,278,RUE D'ALEMBERT/PARIS,M,4850379.0,-274065.0,220
201200022597,12,3,24,1830,2,1,1,1.0,3,39,,M,4409200.0,492400.0,840
201200016854,12,10,23,1645,1,2,1,1.0,2,56,ROUTE DU PORT DE LAVERA,,,,130
201200022080,12,6,10,840,1,2,1,2.0,7,37,"10, GAMBETTA (PLACE)",,,,240
201200052509,12,3,17,1300,1,1,1,1.0,3,199,RD383   14.250 A 18.000,,,,690
201200042928,12,9,10,1740,1,2,1,1.0,4,50,MARTIN HENRI AVENUE,,,,920
201200052793,12,11,29,1125,1,1,1,2.0,7,271,RN346   34.850 A 36.215,,,,690
201200028975,12,9,23,600,5,2,1,1.0,5,109,"., BOULEVARD DE LA PRAIR",,,,440
201200038074,12,5,8,1445,1,1,1,8.0,1,208,RD 58,,,,780
201200057167,12,6,5,2333,5,2,1,2.0,6,115,"11, RUE CAMBRONNE",,,,750
201200059776,12,12,18,1045,1,2,1,2.0,3,108,AVENUE WINSTON CHURCHILL,,,,750
201200058973,12,12,23,635,5,2,1,1.0,6,119,BOULEVARD SERURIER,,,,750
201200044397,12,11,20,1240,1,2,1,1.0,3,27,LECLERC (PLACE DU GENERA,,,,930
201200056613,12,9,19,710,2,2,3,1.0,7,113,"103, RUE DE TOLBIAC",,,,750
201200001711,12,3,16,1205,1,1,1,1.0,7,289,SAINT ANDRE SUR VIEUX JO,M,0.0,0.0,10
201200043051,12,6,28,1530,1,2,1,1.0,5,51,"135, BINEAU (BOULEVARD,",,,,920
201200010475,12,7,18,30,5,2,1,1.0,7,27,JUIN BOULEVARD MARECHAL,,,,60
201200006212,12,7,10,1115,1,1,1,1.0,6,93,GN 49.235 7.14,M,0.0,0.0,570
201200027897,12,11,7,1445,1,2,1,1.0,6,185,"14, ROUTE DE CL?MENCI?RE",,,,380
201200034049,12,6,21,1745,1,2,2,1.0,3,75,"1, BELLEVUE (RUE DE)",M,4576847.0,307550.0,630
201200061909,12,5,13,1545,1,2,1,1.0,6,11,"15, JAURES (BLD 1 JEAN)",,,,974
201200053247,12,9,25,1115,1,1,1,1.0,2,55,AXE LITTORAL SENS NORD -,M,4331870.0,536686.0,130
201200061336,12,6,3,600,1,1,1,1.0,2,9,"A1, AUTOROUTE (A1)",,,,972
201200009686,12,10,23,545,5,2,1,5.0,6,229,279 ROUTE DE MEAUX,M,0.0,0.0,770
201200022947,12,6,1,2300,3,1,1,1.0,2,44,LES LANDES,M,4847525.0,-257620.0,220
201200008195,12,8,15,745,1,2,1,1.0,1,138,48 avenue miramar rd 609,M,0.0,0.0,60
201200004949,12,5,26,130,3,1,1,1.0,6,206,,M,4484400.0,501100.0,260
201200028063,12,8,17,2015,1,2,2,1.0,3,18,TOURVILLE (RUE DU MARECH,,,,410
201200039056,12,9,22,25,5,2,1,1.0,7,4,REPUBLIQUE,,,,810
201200011179,12,2,21,815,1,2,1,1.0,6,88,"0, JOLY (CORNICHE ANDRE",,,,60
201200044062,12,5,23,1720,1,2,1,1.0,3,7,MAURICE THOREZ (RUE),M,4892540.0,247554.0,930
201200019536,12,1,10,615,4,2,1,2.0,6,463,,M,4889500.0,554100.0,550
201200008971,12,6,16,745,1,1,1,1.0,3,258,,M,4371488.0,442017.0,300
201200051117,12,4,7,208,5,1,1,1.0,7,37,"sans, TOUTES RUES",,,,202
201200007418,12,7,22,600,2,2,1,1.0,6,401,,M,4656800.0,526100.0,710
201200035081,12,8,8,715,1,2,6,1.0,3,440,ROND POINT DE BAGNERES,M,4321928.0,7114.0,650
201200001690,12,9,19,1415,1,1,1,1.0,1,515,,M,0.0,0.0,500
201200022849,12,12,27,1215,1,1,1,1.0,5,229,"SANS, RD 905",,,,280
201200012711,12,11,12,1030,1,1,1,1.0,5,136,,M,0.0,0.0,660
201200017892,12,9,7,1915,1,2,6,1.0,3,62,ROND POINT DE VILLENEUVE,M,4782477.0,-71346.0,530
201200049600,12,9,14,1400,1,1,1,1.0,2,8,AUTOROUTE A86,,,,930
201200032678,12,2,9,800,1,2,2,1.0,6,512,"2, EPINOY (RUE D')",,,,590
201200048446,12,7,28,2210,5,2,1,1.0,6,585,AV PAUL VALERY,M,4897890.0,238210.0,950
201200056708,12,12,8,830,1,2,1,1.0,6,113,"47, QUAI D AUSTERLITZ",,,,750
201200042487,12,1,14,1910,4,2,1,1.0,3,40,"84, GALLIENI (BOULEVARD)",,,,920
201200020702,12,6,4,1250,1,1,1,1.0,5,200,D 105,,,,170
201200032773,12,6,9,10,5,2,1,1.0,7,646,"50, FLANDRE (AVENUE DE)",,,,590
201200041844,12,10,11,1400,1,2,1,1.0,6,12,"27, NATIONALE (RUE) 1/37",,,,920
201200056110,12,6,15,1430,1,2,2,1.0,3,112,"86, QUAI DE LA RAPEE",,,,750
201200017993,12,2,4,1745,1,1,1,1.0,7,366,,M,4560011.0,-21558.0,160
201200023277,12,11,2,1625,1,2,1,1.0,3,39,"0, HOTEL DE VILLE (PLACE",M,4787065.0,-391945.0,290
201200024782,12,1,23,1710,1,2,2,1.0,3,63,CRS MARECHAL JUIN,,,,330
201200014019,12,5,25,1020,1,2,6,1.0,3,5,ROBESPIERRE (AVENUE),,,,130
201200019236,12,9,22,2200,3,1,1,1.0,6,210,,M,4359572.0,350058.0,340
201200009198,12,11,21,1500,1,2,1,1.0,6,17,QUAI DU GRAU ST ANGE,M,4280429.0,303135.0,660
201200049182,12,2,19,2100,3,1,1,1.0,6,394,A115,,,,950
201200044888,12,11,7,1735,5,2,2,1.0,3,46,ARISTIDE BRIAND AVENUE,M,4891524.0,252859.0,930
201200037284,12,9,8,1605,1,2,1,1.0,2,351,"81, CRS DE LAREPUBLIQUE",M,4949569.0,12670.0,760
201200033941,12,3,22,1650,1,2,1,1.0,6,113,"., TORPILLEUR SIROCCO (R",,,,630
201200005027,12,8,3,1625,1,2,1,1.0,2,691,"164, CHAUSSEE-ROMAINE (R",M,4984945.0,325880.0,20
201200029705,12,9,15,300,5,2,1,1.0,7,7,"3, HIRONDELLE",M,4744483.0,-53757.0,490
201200005804,12,12,8,1730,3,1,1,4.0,5,114,,M,4544400.0,321000.0,630
201200042997,12,1,28,2100,5,2,1,1.0,3,51,"BINEAU (BOULEVARD, N?53",,,,920
201200009024,12,3,3,1115,3,1,1,1.0,6,285,,M,4404070.0,423223.0,300
201200008043,12,4,18,1730,1,1,1,1.0,7,84,,M,0.0,0.0,40
201200040799,12,5,11,1335,1,2,1,1.0,3,174,"1, JEAN COCTEAU (RUE)",,,,910
201200005206,12,9,1,200,5,1,1,3.0,7,205,,M,4509950.0,555859.0,380
201200054731,12,6,15,930,1,2,2,2.0,7,116,"2, AVENUE FOCH",,,,750
201200046199,12,11,23,2045,5,2,3,1.0,3,17,"1, JULES FERRY (R)",,,,940
201200022625,12,12,28,700,3,1,1,2.0,6,136,,M,4773450.0,151444.0,410
201200012604,12,9,22,2130,5,2,1,1.0,6,254,2452 LA LAURAGAISE,M,4354434.0,151866.0,310
201200025783,12,7,28,1050,1,1,6,1.0,3,3,TOURS DE SAINT-MARTIN (R,M,4328282.0,349764.0,340
201200027334,12,3,30,935,1,2,1,1.0,6,261,HEURTELOUP (BOULEVARD),,,,370
201200037626,12,12,8,550,3,1,1,3.0,2,497,RN 138,M,4936272.0,103689.0,760
201200004816,12,12,18,1715,2,1,1,2.0,1,299,,M,0.0,0.0,10
201200057275,12,9,26,1125,1,2,3,1.0,6,115,"30, RUE SAINTE FELICITE",,,,750
201200056924,12,8,27,2015,1,2,7,1.0,6,114,PLACE DU VINGT CINQ AOUT,,,,750
201200052375,12,2,24,1700,1,1,1,1.0,4,237,A72,M,4544884.0,442238.0,420
201200029989,12,9,22,1810,1,2,2,1.0,3,328,FIDELITE (RUE DE LA),M,4726137.0,-7838.0,490
201200055409,12,8,31,1935,2,2,2,1.0,6,110,"225, RUE LA FAYETTE",,,,750
201200040813,12,9,25,1830,1,2,1,1.0,6,174,"38, FERAY ( rue )",,,,910
201200030250,12,6,2,1315,1,1,6,1.0,3,532,CHESNAY (ROUTE DU),,,,500
201200054083,12,7,13,1805,1,2,5,2.0,6,105,"99, RUE MONGE",,,,750
201200059747,12,11,19,915,1,2,1,1.0,3,113,"08, RUE JACQUES DESTREE",,,,750
201200036350,12,5,29,1850,1,2,3,1.0,3,199,"., AVENUE JEAN JAURES",,,,690
201200007278,12,9,12,1700,1,2,1,1.0,1,182,Rue Gaston BLIN,M,4698900.0,381100.0,580
201200008036,12,2,11,1830,5,2,1,1.0,6,143,face 25 flourens Aillaud,M,4392100.0,591900.0,40
201200056322,12,11,26,1440,1,2,3,1.0,6,112,PLACE DE LA NATION,,,,750
201200021395,12,3,21,615,3,1,1,2.0,2,63,,M,4400300.0,313800.0,120
201200004879,12,10,29,1515,1,1,1,7.0,6,346,,M,0.0,0.0,70
201200010743,12,11,5,1055,1,2,1,1.0,6,29,TRIPET (BOULEVARD EUGENE,,,,60
201200029641,12,7,11,1015,1,2,1,1.0,7,15,"04, PASTEUR RUE",M,4750207.0,-58831.0,490
201200032043,12,1,9,2300,5,2,1,2.0,7,648,MERMOZ JEAN RUE,,,,590
201200030201,12,12,1,1200,1,2,2,1.0,1,129,R SALENGRO/GAL DE GAULLE,M,4962570.0,-164449.0,500
201200050019,12,3,9,1845,2,1,1,1.0,1,50,RD914 W,,,,920
201200029617,12,6,9,1705,1,2,1,1.0,7,7,"137, Rue de LETANDUERE",M,4745490.0,-55361.0,490
201200015180,12,4,24,1845,1,2,1,1.0,7,55,"150, BD PAUL CLAUDEL",M,,,130
201200004570,12,6,1,700,1,1,1,1.0,3,86,,M,4584500.0,464000.0,690
201200016130,12,9,28,1150,1,2,2,1.0,3,55,"143, CRS LIEUTAUD",M,,,130
201200012482,12,11,5,400,3,1,1,2.0,6,464,PK 0044+0900,M,4554660.0,537422.0,380
201200004365,12,10,23,1630,1,1,1,1.0,1,283,,M,4394100.0,194500.0,810
201200010593,12,2,22,1545,1,2,1,1.0,7,29,"30, LORRAINE (BOULEVARD",,,,60
201200009195,12,4,29,1600,1,1,1,1.0,1,212,,M,0.0,0.0,660
201200013401,12,1,25,1726,2,2,3,1.0,3,69,DESARGUES GERARD,,,,110
201200055737,12,7,22,1220,1,2,2,1.0,3,111,"101, BOULEVARD RICHARD L",,,,750
201200019453,12,6,14,900,1,1,1,1.0,2,56,,M,4428100.0,243200.0,120
201200040883,12,5,5,1455,1,2,1,1.0,2,201,BERGERIES(ALLEE DES),,,,910
201200009852,12,9,10,1215,1,2,1,1.0,3,197,44 RUE DE JURANVILLE,M,4672620.0,250317.0,180
201200053337,12,11,25,1642,1,1,1,1.0,6,1,A5116CD-AIX-CENTRE*VERS,M,4351680.0,543149.0,130
201200022588,12,11,29,1515,1,1,1,1.0,4,362,ROUTE DE ROMANS,,,,260
201200005928,12,6,6,800,1,1,1,1.0,6,157,,M,4475700.0,219200.0,150
201200031604,12,11,6,1745,5,2,2,2.0,3,221,"1, TILLEULS (AVENUE DES)",M,4932633.0,612796.0,570
201200032341,12,7,26,830,1,2,3,1.0,6,368,SAINT MAUR AVENUE,,,,590
201200001499,12,2,1,1930,3,1,1,1.0,3,337,LIEU-DIT LE MOULIN D613,M,4912630.0,9244.0,140
201200006624,12,10,18,2015,3,1,1,1.0,6,504,,M,0.0,0.0,670
201200026096,12,6,7,550,2,2,2,8.0,5,172,SORBES (RUE DE LAS,M,4361422.0,385100.0,340
201200009106,12,5,13,145,5,2,6,1.0,6,217,route de saze,M,4397104.0,468774.0,300
201200009318,12,6,29,745,1,1,1,1.0,3,96,,M,0.0,0.0,202
201200046964,12,2,22,1720,1,2,3,1.0,6,38,JEAN JAURES/WATEL,M,4877800.0,233443.0,940
201200049998,12,2,22,1000,1,1,1,1.0,5,36,A86,,,,920
201200021476,12,9,16,1845,1,1,1,1.0,3,185,,M,4883840.0,-124828.0,500
201200002626,12,10,23,915,1,2,1,7.0,6,3,6 rue du broustey,M,4494100.0,-49400.0,330
201200009581,12,6,8,1400,1,1,1,1.0,1,355,R DE LA MAIRIE,M,4915110.0,170150.0,950
201200030944,12,5,27,1415,1,2,9,1.0,6,580,"19, MEZIERES ALFRED (RUE",M,4946875.0,593308.0,540
201200041735,12,3,1,915,1,2,1,1.0,4,12,"7, REPUBLIQUE (BOULEVARD",,,,920
201200018980,12,2,19,1530,1,1,1,1.0,2,154,,M,4355754.0,401978.0,340
201200018811,12,6,13,1350,1,1,1,1.0,5,232,,M,0.0,0.0,20
201200000850,12,11,26,900,1,1,1,1.0,1,343,,M,0.0,0.0,270
201200001860,12,5,2,1715,1,1,1,2.0,1,309,LA HOUSSAIE,M,0.0,0.0,610
201200030964,12,10,25,1210,1,2,1,1.0,6,29,"26, ROCHELLE ( BOULEVARD",,,,550
201200014859,12,3,16,1750,2,1,1,1.0,1,55,RTE A CASSIS,M,4324000.0,545741.0,130
201200040990,12,7,31,1445,1,2,3,1.0,3,223,"10, MOREAU (RUE LOUIS)",,,,910
201200014098,12,12,21,1745,5,2,6,1.0,3,5,LAGUNAS (AVENUE SIMON),M,4329480.0,556335.0,130
201200009469,12,6,9,1945,1,1,1,8.0,6,601,,M,0.0,0.0,780
201200003432,12,10,7,1815,1,1,1,2.0,6,81,,M,4532200.0,-46900.0,170
201200043529,12,10,17,730,5,2,2,2.0,6,73,"13, POMPIDOU (AVENUE GEO",,,,920
201200018036,12,10,26,1330,1,2,4,1.0,1,278,33 rue de la marve,M,0.0,0.0,100
201200060392,12,11,30,1020,1,2,4,1.0,3,120,ECHANGEUR BAGNOLET,,,,750
201200045647,12,11,15,1650,5,2,1,1.0,6,66,"64, PERI GABRIEL, NR 2",M,4893444.0,235587.0,930
201200008746,12,2,2,745,1,2,1,1.0,6,325,RN9,M,4342114.0,336534.0,340
201200023272,12,10,9,1730,1,2,1,1.0,6,39,GENERAL DE GAULLE (PLACE,M,4787190.0,-391891.0,290
201200040337,12,8,3,1710,1,2,1,1.0,2,413,"30, Avenue de VERDUN",M,4829480.0,693846.0,880
201200022490,12,1,3,1740,1,2,3,1.0,3,362,AV CHAMP DE MARS RUE  PI,M,4492820.0,488870.0,260
201200017826,12,11,11,230,3,1,1,2.0,7,59,,M,4500300.0,64700.0,240
201200046175,12,10,15,810,1,2,1,1.0,3,17,ROGER SALENGRO (AV),,,,940
201200059781,12,12,21,1650,1,2,5,1.0,6,107,BOULEVARD RASPAIL,,,,750
201200015295,12,5,16,800,1,2,1,1.0,6,55,"2, BD PERIER",M,,,130
201200057738,12,9,19,945,1,2,2,1.0,6,116,"56, AVENUE MOZART",,,,750
201200022129,12,1,22,1052,1,2,3,8.0,4,56,"sans, FOCH AVENUE MARECH",M,4724521.0,602351.0,250
201200025141,12,6,5,1230,1,2,1,1.0,6,200,"3, AVE DE MAGUDAS",,,,330
201200020692,12,5,25,1340,1,2,1,1.0,6,300,"5, LEDRU-ROLLIN   RUE",,,,170
201200001004,12,11,18,645,3,1,1,2.0,6,167,,M,4779860.0,-133449.0,350
201200027364,12,5,20,1225,1,2,1,8.0,3,208,CORMERY (RUE DE),,,,370
201200005764,12,4,24,1915,1,1,2,1.0,3,126,,M,0.0,0.0,630
201200003027,12,6,13,2000,1,1,1,1.0,7,60,,M,4411220.0,74395.0,470
201200010309,12,6,30,130,5,2,1,1.0,6,4,JUIN AV.MARECHAL,,,,60
201200060489,12,6,12,1000,1,2,1,1.0,1,14,Rue Schoelcher,A,0.0,0.0,972
201200026792,12,8,21,140,5,2,1,1.0,6,238,153 RUE DE SAINT-MALO,M,4812230.0,-168401.0,350
201200056348,12,12,12,2000,5,2,7,1.0,3,112,"16, PLACE DE LA NATION",,,,750
201200015133,12,2,26,1430,1,2,1,1.0,1,55,"82, BD DE LA BARASSE RN",,,,130